popularity,id,1_n,2_n
33,5rwP6eKGSsdQ0Zr69phC99,52.00000,38.25000
54,4f2LaSXjjsqEZxRNNZL7qw,49.00000,35.75000
83,5me0Irg2ANcsgc93uaYrpb,66.36170,60.48070
7,0SI5FDdfCtQJDbAoGgDPWW,36.50000,32.40000
37,4tuzg2QDbDF6ytPrszs4q1,58.00000,36.73438
9,12Ie3mO6sfgT2bIdFAjIom,2.00000,9.00000
53,3NUsiT2JSyaWAnWaXxDzhQ,37.12500,33.10345
53,31GFatrHl2ijnS4ZAWA9s0,27.06250,23.37984
31,67yO6NzNK7kVNo3SSaz7qA,37.40000,34.18182
53,1sdyFmN4bVOcuFDpTVsxBB,38.08000,32.89160
43,5CAx2uZYeKOZxvasIfk9TY,46.00000,49.56250
49,1qkEx9YPevCOQhazUZK1bJ,46.66667,34.52941
67,695W5F2Ih8dYahLdjVOIoH,14.00000,62.00000
52,5keeQyPKYRxUCKDMECTXG3,45.00000,45.96429
68,1Fmb52lZ6Jv7FMWXXTPO3K,47.20000,37.58824
57,0AWhixY9hX7LEPyPMjh4O0,43.53846,51.79104
67,1zxDewzd2j1ZdSBGaYcr0y,7.00000,67.00000
69,4OgNARLQSC4yy7Dsa5cqxx,57.68750,53.95808
72,3zhijRRIZX2B6G2T7vJl9p,56.53846,56.68067
58,3TQ9JTBI2n2hfo7aRONEYV,51.42857,58.45902
74,1XkoF8ryArs86LZvFOkbyr,69.65079,61.85461
79,7FsRH5bw8iWpSbMX1G7xf1,57.66667,58.58824
63,08Ld63UgKrJ0nZnCkzHtzc,47.68750,57.46060
56,5Pqx4mXYDGIDcg8E5FYjZ8,33.50000,46.25000
40,2Ju4D1DqBETuLI2hAsoqHu,17.80851,21.78528
50,0IuqAyi5CMgpuyhckrcqNs,37.83333,29.93296
25,3sG9KXKRYbAkBvRkvIqJZe,34.54545,29.78667
33,0xRqtLGIVSzXM9yg2wFMLC,37.16667,33.71642
22,58wzyK6DupVsypvs3QV2Fo,19.47826,20.62162
37,3SC1GczHVpsiorx1KFaa4S,51.33333,39.68421
33,06VZekh3wTqjHJbGCNBBLu,23.00000,33.00000
28,6V92xGMFMr4619y6ZvEUFR,27.00000,28.00000
36,4sc3uhxQjxefWx0lirN9Pg,43.00000,36.00000
62,5HlnN6xF2MD87KhGRmCRTd,44.27273,42.17500
37,7r2lG8Ui6vGHAgsKlE8Hd8,23.00000,52.00000
59,18JD8DVlD1fakDAw7E9LFC,80.00000,58.02632
46,53jXEVVJtpaWVQ3ffvhDtl,42.00000,55.00000
50,4LtIfuFeAamus9OOItuWDD,45.00000,34.87500
51,74IEeKcuS34kF2TjOigXra,51.75000,45.57143
66,4GQwgdcDQwqtcHICjUNndp,37.30909,30.87252
48,0Uo6kyjrbQoZBlcXsMb8Vm,65.80000,54.42213
58,11CxpTfZC60MYKjL7HESKR,37.33333,40.50000
75,2y246nnP9pQT0E6v3ZMMOO,64.80000,60.50000
33,62atbNjymScOdnYZn6IuoW,16.00000,33.00000
29,7sdIwHhEEFS9TtoBseTlGA,42.58824,33.22668
4,6B9fJDzjadyDEi5oNFgeYk,11.13333,11.94656
19,004vJjwinUsV1yan0nPb1O,35.00000,30.83958
34,3ltZsnKXs9TkOCL4fhFMhR,33.06667,28.82166
60,2g0QLUYku8AuPVK2udRV7i,48.00000,47.16667
33,05BYEPhmF0YRqm7MKdu81V,20.90000,25.35556
17,2EEF03TXRH255BfrhmdrLs,8.44444,16.71429
49,3FjdJbt6Myq32uv7P4owM1,62.00000,33.77778
32,4FkXsXGJUTP1J32k3ZYiOA,23.50000,36.00000
23,0ae3xoTB764jMkhhvWjjsS,26.66667,31.69444
2,7lQmCBww5KZgpYc4t1PcHc,2.00000,2.00000
68,5vQfv3s2Z2SRdPZKr82ABw,79.33333,71.63636
24,5OwpWMBMc42SApMxEXoe0p,16.66667,19.11111
39,1nBRaXFNbBFqcFNeB1AMg2,31.70000,28.41579
45,52jfQPouCIphLVi3FqGa7x,49.00000,55.00000
57,5VGsR5wapeJIuRPX26IeGn,72.00000,41.33333
23,2XxSFKVJnCLGGvNXnyiQYL,25.50000,17.43750
31,3lQuLlW6tYv1nm3nzyJ6Ty,41.00000,37.50000
6,37ZZuiiIwLNQVouJYIpT77,35.50000,29.77273
19,31FfcE4dDFayo0MqZadfSC,40.80000,28.28571
47,3Z1yaFUknAq52KBVmrYpqy,31.65385,28.60577
60,2F5W6Rsxwzg0plQ0w8dSyt,51.00000,47.16667
57,74D1UgRzMhTSPz698exXmR,34.40000,44.65217
47,1WKZeYNzwar047FcK0Y47n,47.33333,46.26667
55,4wwj0BGZ6T61LB1jBWdo0n,22.00000,53.80000
61,3fmMaLC5jjf2N4EC2kTx0u,56.00000,51.88000
27,2Tq4xKjGkoZyAzdklz74oM,51.00000,26.66667
37,22xFYRBuSniRzAYugJFjvY,1.00000,37.00000
40,4DtKAGXohf7BzaVU8cBxlU,52.00000,41.45238
27,5csKyypxXUXTNBUGuCrsoV,42.00000,43.80000
45,1Px6nQCyIRM4Gj0tyvZ1TU,71.00000,56.57143
40,4psAP2Nyj5BmNqrAzTTlhx,38.33333,35.80000
22,5OJ6h1wSbXzPUJQsJRBdb1,31.00000,27.25714
54,6JW55AQgf9M9SZgzZou2NQ,56.33333,56.14286
54,4C9Tvlt8v7d8R6h98FgdUy,41.50000,41.50000
36,7t9RzoO6u80uVTQGEt5p59,59.00000,37.00000
27,5u7FXbK7whWNTbgeicnbG9,27.00000,26.47619
47,3m7Ej9zfNto7JOsjKsYhEr,67.33333,60.57812
59,462T0buQ5ScBUQCRpodDRf,48.75000,50.75000
7,13AWat5Mhlzq4meHhTnzBU,25.00000,11.50000
60,4hwJwkgsufeilLXS1ZfJqq,73.00000,57.66667
64,2hmePXeTr2b7cdRAtRjvPq,65.00000,64.00000
42,5tEUnEwJfkZDP2ZuLy4Fzu,28.50000,35.58333
44,52kYszLEohR0DpTAVD8Y12,23.00000,36.00000
29,27hBqhUVPnkDTP6hDFLlOe,7.00000,29.00000
25,4w9nuJAMi9rY53KTWo0Ym9,32.00000,28.50000
47,0luDJsRYWbHW2Sj1I5TPrE,15.62500,19.09259
51,07N5hTxdi3rA5cyaf469Ly,24.40741,41.01754
27,1JlC6XG7lkwT6GzgQB9xOx,52.00000,53.00000
52,2GVksDv9UpY60i4CvytrZK,47.00000,52.00000
48,5CNgBVZXUEEGqyzgjUAgDj,29.87879,33.46909
16,3o8J3FlLvoCBLdwQ2kdfsS,21.00000,20.40000
52,6dHnnLJitCxdFTt9QmSQ8G,53.00000,50.01266
36,35BsDVEPHGqz4fPhlRJHB1,32.00000,36.00000
35,5UezsklPScipW64XJm7qql,19.40000,17.53750
49,3e6shNAdjKsxqMeIKJaP8Z,47.75000,44.77778
21,6Pxti5FRCx8cg6ijXKAopt,20.50000,18.62500
49,4dSDQR6kZAlQbDG44CYDdL,6.00000,48.00000
41,47dC2tIVeFjNtRXcCE53O8,40.00000,41.00000
22,2utfFT6Mtlseww2PBlYwfF,26.40000,26.07080
23,2iL5YJ5pmQmu9mf3vR2xUX,32.50000,33.40000
59,4hpKB93agzoncsTXEstSpK,62.66667,45.87500
21,7faNPQVIQE827gQ2tsenFT,13.83333,15.80645
30,76V6Eswamdb53xumyIwxuI,32.42857,30.50694
61,2ueoLVCXQ948OfhVvAy3Nn,43.00000,52.50000
42,7BdQWt4FjHEvmTH6jmaJd1,9.00000,42.00000
51,0re1rxUsmmsr5u6qbXvl8z,56.00000,50.41667
45,1MfMEINKi23iSLoLcLVGRy,43.50000,52.25000
20,5XFQxZKcNaRSmSN39upplo,11.20000,11.57143
49,58BWh3yJrluDugLv0QF0eC,37.00000,49.00000
52,2ZMnWI3oIHyj7MyuZ99gvu,25.22222,32.88462
49,6FK6uP46ntwU9gaQQxTlDV,43.80000,45.53846
49,1lqh5puCZTMsGJalV8Rjbe,42.00000,29.77778
7,7aoHAC7aGNfSiDCIHxRO84,9.00000,7.00000
45,6pyqBc7HaffcZJhyfjnceP,31.66667,25.97561
21,7nnIPmXBiFdrHlUHn6S8Mi,29.00000,14.52941
70,6gEzJZrbm0F4ihvE9iXR9z,46.21429,47.42857
23,5SjihfTc47jqUtadaagvwi,18.55556,22.96610
49,0sgV4klGs1Y1dgbBi28JlD,61.75000,47.96774
19,1oWxrZS6SYLs5RSTp49o1J,16.00000,17.00000
15,6kRLOur8sFmCXbitqyKNQ2,30.50000,22.75000
48,78jcF59aMpz63E2TYmntws,34.20000,32.12500
19,00fBsOp7V4JazirGlifCdb,42.33333,40.42857
31,5Qkex9yQ5V5FiC4qzMLndD,29.00000,31.00000
33,6gagJpyu3rL8DaAgDRZB2X,12.66667,23.20000
56,6Qc96byIWUrGk7BHxfvK4F,49.00000,44.52941
36,0OVgSCgWfc1ELQdiQbWlru,55.00000,32.80000
17,2UmGAHgRKMatCYCYdPsgo0,33.50000,25.25000
31,2jzwmI7lich4LB2bV7QyP4,31.33333,31.22222
22,5ZEdu90EK5q6kuwQH8Uthj,23.00000,22.00000
5,1UmXg8UZeds1N28kVOgYlH,5.00000,5.00000
23,3y9kcDjhzxntejQPIvnzJN,24.00000,23.00000
20,6vjVIzsnrl1io0KFGKInir,49.50000,32.93243
31,2mdDdKL0UzOqSqppraF43n,21.00000,31.00000
26,3Q60P5d7R7V0CjAmfuJgtV,9.33333,14.80000
25,0bkbqZQcQ6YuF9n5VqP2RS,29.25000,25.00000
14,6N2mIckxqo6yH85gElxjZY,26.00000,17.20000
25,7dhZwVDKTpsW41hHlUuGoT,30.71429,25.87552
68,4Nrd0CtP8txoQhnnlRA6V6,59.00000,57.50000
19,3wMgvdVNslqdsSKX0kcQ6i,23.00000,19.00000
13,2K9eZQyYPIsxz9KhpoSab0,19.00000,36.50000
23,1eNuE1hqEHLzAnBjWNvvTl,14.50000,28.37500
1,1wzzOP2E8w3FaD6xaZ7wzX,3.00000,1.00000
25,6jXxv3BX8TRYfqVmDIhoQN,63.00000,20.90909
7,5eQOUjwqsLdLmqeiIz658f,35.75000,24.96429
30,6tfEPZxZFYrZYmDVFdf8xl,42.00000,29.63636
29,2CYpYNuLTZkBW4tgkRbbSB,21.00000,38.28571
18,27SpiUG1WxHnPkqNxY6Llp,19.00000,18.00000
19,4YHKzvqxptwrqZT9GyYHIg,37.73333,36.22981
25,3IVY33qtUPVAdoprVjn69d,14.15385,21.53472
12,7ejHKHw1TwhzW50cd14z9A,15.00000,28.08333
2,6uHovCEQLTQULBBfBmYUQ0,10.60000,15.90323
7,4XIOw8PkA4fNjIFu5qzsD8,31.33333,28.92982
65,0lFLP59V4TY3XgnrkFIwxK,57.66667,55.92857
60,0o0PoOOyXcmqcyVz8aSdYu,57.28571,56.80851
16,3R4iMawjK5JQwo0ZqOj84L,14.00000,16.00000
1,0UlW36Mff47pJR2CelclcR,4.00000,1.00000
9,69wC2traqmLoeXtWiivVtO,14.00000,16.40000
27,4PkhCFbcHgGFYHEspjPkq3,4.00000,27.00000
19,3ky8U0naf7LBnhlA1VC5IW,35.40000,30.63830
34,3ex5lvW6vBEAbO0czNTIC2,45.00000,38.75000
27,5EG8kX3NJR8Az7XKu4Czu7,2.00000,27.00000
1,0GSo9sgn0qc0OOPopBphdn,2.75000,4.92857
2,5Orjz733tJfy7UUwswvolu,54.00000,31.79070
47,2yzaWNFV3cxmcRZtwtr5WC,18.95455,31.03085
4,0Mj0iAvXnfnid2V7ATQKa1,23.66667,30.52301
15,2e5Czu1HGML44EmIuNsA4o,40.00000,15.00000
52,0r3oYkStfoV3sVeoQ1vmtw,59.00000,41.57143
46,0fVqst4UD6o7SKW6SsWPfU,38.33333,43.17391
40,0YVFdCm1S3ikQU0yl110lu,30.00000,40.00000
8,55pFfu7SvF4jyXG9Z3oTYb,16.00000,17.71429
3,3VTSXLbCnsCcIkiDOMcgFC,6.00000,3.00000
13,797yYXSM6wVPRRf3DPpE2s,26.00000,31.66667
23,2LZMzG3MBHagZYIJa31mmH,26.00000,23.00000
71,1mBydYMVBECdDmMfE2sEUO,63.00000,48.15574
21,5pgrj0hsfBbs7AIl9ODNYj,8.66667,20.77778
35,7fjYD9KftETHYcHFM5Htf3,34.00000,35.00000
47,2jPZMiD3iOuqGD9VLVapNv,42.00000,48.95000
17,3BWi20vO0Ymeh6exmnqQqi,14.00000,17.00000
12,4ohnpDk5bUrW0c2YzdkAOa,27.50000,19.75000
23,277HmHf9PVS10p9eaIcAQP,13.66667,21.20000
8,3zGCBuYkuUW3hXt1xET2hg,30.50000,24.84615
23,17jKRJyvcPLKu8GrxAwff1,17.00000,23.00000
24,3qWmqfQVlXakCydTL7qvvz,28.96000,27.09774
44,1IlwO4YlID1tcb5QgWOiQu,38.50000,44.00000
19,50UkLvFAYKvBNUR1Q00ifv,20.33333,19.88889
32,5BWEzcCkhlDK9MLrw7sDKu,35.00000,32.00000
13,2GhcXih0NsKEQGdIAWPX3W,17.00000,16.18182
8,53u4pioc1ljUggh74nshVs,11.00000,13.50000
52,0LweECx5LKm6I3gIcWMdpB,19.00000,52.00000
22,2fNXM3eA6CBwZ0gb1O4Zvz,21.00000,22.00000
28,3fCPZdxUGzzLDR3ruFqGMD,17.05882,19.22449
26,78srM1kY6bz8kbJOQwhWiP,11.00000,19.14286
1,6ciHx71kMXxOgDu2LngQFV,1.00000,1.00000
2,6tcIjUuGpb4oPfgxZm9NWs,1.00000,1.25000
23,6Kf7G48f7VSXuSTGyv9hTf,32.00000,30.83333
4,3mDEy1yjmoxh9gMTvIN8KJ,4.00000,4.00000
15,74Ne7ChTgnu1sHY3pmTzui,15.00000,15.00000
31,1iOy13uUkBOBClHwJ5eiSM,37.00000,31.00000
44,5HSROvpnFBzRENwjZ30RNx,48.50000,48.05288
47,5cvgau68BWnLZcjeX7Pdf3,49.00000,38.66667
31,3xFeX3DSIXjXi4BU9syHLb,17.00000,31.00000
12,01yRdrZpQs7lFhPtSI0ccb,18.00000,18.25000
42,5VKmfBc2pR80IxYoC1gHyH,29.00000,27.25000
43,2O76CmUXGThMPPImBOnbUA,35.25000,38.07692
1,3NCaK5nOfUW8vnUbNcoV0x,4.00000,1.00000
20,0EX6qdKwwNO9TN24DvRHwG,5.00000,20.00000
14,4hEpnqemrERKCUW9ONO4Hh,16.00000,15.00000
49,3YOvdmjSEwOqRAJ0ttfwCx,35.00000,45.42857
47,7mUQPmZ6OzwtJEEXDOqyOY,51.00000,43.16667
52,3VPxstOu7nMAaOrD3hhUR1,31.50000,44.71429
37,39ruRxrA8sCKDTozbbmo7o,44.50000,33.66667
18,0mBFDOiCgOvcAd12o86GlM,14.50000,18.00000
27,7hWRneMDJulC1IMfHD1gt7,16.25000,21.10000
12,4znUD8NOBmxWoHUc6ILR9v,18.00000,12.00000
1,64ey37ucWRcyoZSSwb49i5,34.00000,15.00000
17,1PblbBCKiNJQ2O2TmXHReC,20.33333,20.09091
10,68ewcESxWiC9Sd1RZsdWDF,16.33333,19.44444
25,0DhTQscKk7XJt49yxEyqDV,11.28571,13.54000
1,5KGGD1shE8A3eHATVLpuRR,2.00000,1.50000
13,26vqH4OquRRTf6lnRe4gbX,39.50000,27.37037
35,77LWQfycyAtBuKgn1kGPbm,37.00000,46.11111
2,2nl535D3EuUAtR2IZJHWnD,9.75000,8.76471
47,6RwBaA9wZC0BPWZfmGeWMo,41.66667,49.42857
29,5UQM8cFr7oBMZYZjXaIWjO,28.00000,36.00000
6,6PlFUMCF1ICPkEyfmHdHSt,5.66667,5.77778
40,1qImAIy1ZVCgR5KD88QXkr,63.00000,39.00000
29,36NfRmhEeMBlaQXAG3CP9Q,54.22222,27.65446
8,3AXQpXAHBiljlyvBXVpNdS,8.00000,8.00000
1,2DAnoB32J1bWKDGqdsV3gD,7.50000,12.66667
14,1ydXYe717MvzFFTEaN2QCQ,5.00000,9.50000
1,3gSrwYCc96GXPmRWPm2MCv,10.00000,4.00000
3,4Wh0Q4bMdVHEEZcGgl2oBL,16.00000,9.70000
17,5CQ2EQMMUrdWkoViUxbgoG,16.53846,20.97209
45,5doDInHCvRMOOapyaos2AE,28.50000,27.09677
31,0Qq5ObryXEZSAuOX6Ykqut,59.00000,40.50000
36,4lUITAkAejruYm7VtkNJTb,20.50000,28.25000
23,7ByfNcFxztbyKLEIVKmFVc,18.00000,31.50000
27,2k1g0IrGtzPG8jjGCVtgB2,29.20000,40.75000
11,2BRMbCbu8E6OvX7sMXJ8u9,6.00000,11.00000
21,5jmB7Go3kmi3dY4FtyP5xc,23.00000,21.00000
1,75wnrl8ldToJIDAvMfgK3T,1.00000,1.00000
46,2bqyNDhVFDuK4wZUrZh6xy,44.00000,40.33333
66,50u2mXgysmTttY0BizYWAo,42.28571,45.13372
64,3OHpci0ruhvaMv9F795LR5,47.88889,52.87692
21,4WcSi3VfFu8KRt1aZQLDqU,36.66667,30.07143
26,7EZcJktHiIdBdcpL6sNOTc,24.80000,25.61538
5,4ttXdkR4QYefdd6JV5vYAT,6.66667,6.11111
47,4r1DHaB2yIhddOkTF92d1d,36.50000,54.00000
42,6RXNoNfqGTqlCIwAvzo4Xp,48.66667,48.87273
55,580taoAhpqvyGCRoJsVdw9,32.78571,38.55769
1,2vS0LN0nAOMumJqfKuzn1R,5.00000,3.00000
32,3Qol2r2jehhR5yKbmk1Dg4,38.43750,36.06748
7,60NbruMS3JEDkZLccSUhhi,24.00000,21.25000
10,3b7YUyF0OIxbhuDABIKyWI,9.00000,10.00000
50,6VqsZsM3fYFi3k0ZCniPO2,31.77778,33.50000
41,1869RmHh38ed6DIxtepXep,44.88889,45.24779
41,1BlAyhfXyu55YqhWpX5YtB,38.83333,26.13861
1,2efGVtahaKrPTuwwQTfOvV,4.00000,1.00000
26,1fB8FRxj2bxuM2ssxdyFq0,53.00000,52.13793
45,0IbD9X6mgxyaIKT3aqzioT,47.66667,41.00000
46,0q0K0FV5t8OnVpbIQTXOhI,42.00000,49.66667
3,2hk1k802kWl6RTJamPwibc,22.00000,25.19355
59,2jXb8AWz82Sn3RRGOaia7a,43.00000,52.00000
4,54cq3GApm5vu7lSp7P75DC,4.00000,4.00000
17,7hHFkd0a3q4JjSZs5krnss,25.00000,17.00000
7,4w6nmWdGPgSplrjs5xM4BI,7.50000,7.25000
15,5euYYAyrsLKSV3s9EpFv6c,28.00000,30.33333
9,7BZzMNbZC8DQqjTKfKk6FO,21.75000,26.05485
1,3tpVcIR1kHMYzjgES8Dpg3,38.00000,23.42857
5,5YOq25OC2JqMBBDHNDxIoX,9.75000,12.11765
9,6T3tUSUlaHGZMAdI5lMPtc,51.00000,24.40741
13,2e75GEAiwimYby4VD4QKIe,13.00000,13.00000
14,5iy3K0XmolMLHE1Z8Eqwnl,28.00000,27.00000
6,61lVIhg0ge1MEeGuA1UHsZ,3.25000,4.00000
5,0MkTYjq3YFMHbhEczpzcxx,13.00000,16.50000
12,5SQDx1d1tEpptg9je4XGYS,43.00000,8.00000
16,1gqTY48L61CaY4ZNUpc8wL,20.50000,19.00000
44,5z9PI0y6MRnL9BCHOI5ilL,19.53333,23.53750
1,53TmaVPQ1KJCd5ZJX6v9xk,1.00000,1.00000
7,6Kr8yvexXK6sfctK1Sfg7i,2.00000,7.00000
54,3gOl0pzEP8SvToQrrrbw7P,58.00000,52.25000
23,4KMt98IljgbTUeeU9KAu7y,13.71429,16.94406
7,08csGwfjmJgda6bKdPI7RA,20.33333,15.76000
13,6V7rXqQ6eNhJArV5K6RCMp,21.00000,28.00000
10,7LvlA9bk1pS4VBftw5xqhW,38.00000,23.00000
16,5r2RaJCjC4VDZIzHOIoHGm,42.66667,32.93750
16,1MeLBDtgUuZ5yEPF2WGzx2,18.00000,18.82609
12,5LtSXvgNXLoarTerMPW7DA,15.50000,20.66667
25,7KNjGFK2IZ3cOrHvDCAtMc,41.00000,30.00000
21,4n1QLJXpJyIV42uMORty2W,24.00000,40.66667
20,0Nca2TQcIrUaIRYwShmLrc,19.00000,20.00000
26,4Uoi5CyT5SCbkcHh2pnrqd,40.25000,40.00000
29,2NiYFFLYWPZPKa9xPGlRVu,29.00000,29.00000
23,2z0YOWu3zkbREo7VHyvQoK,3.00000,23.00000
30,1whAPNHAalmyNIsfapcIcR,26.00000,30.00000
41,7y7byJwxSQxTOxuoAA9tcp,67.00000,37.11765
54,68Re4wugc13HVak1p8Zawl,44.00000,54.00000
40,0DnLgFtmqEF4DLwRQa1cXQ,36.33333,33.15000
57,5dacK0fiMwLoV93yBdUrZK,67.25000,58.00000
7,0YTGba0rhqRhgj5XmBQJ9T,7.00000,7.00000
13,024WG1tZL7XwQlPJ7DqUim,13.00000,13.00000
1,7JHnLDCjoUd70Yn2Hdqxqi,2.00000,1.00000
17,6Md7osSfEXxeJlkBOLtKZo,16.00000,17.00000
45,2TS6Y2HXkANqlIC7ZNi5zq,36.00000,45.00000
19,55Xa6KiDCX6yjG4ESgs3eM,32.16667,28.32000
3,2HkNF8cqkbEurBgMopcUyf,22.00000,11.75000
29,2AyPoC0ulkGddveJbvlcm8,47.00000,44.22222
42,2d0BUP7WeJ6caBJZHIn5G6,54.00000,49.66667
63,6zpNfYJcPavd1pqLXKiSvl,32.00000,63.00000
17,1d56VqB4AyC2yy0YyeKd5Z,34.00000,15.00000
52,4SgbqL3dLr5BfCvBBBUucP,37.33333,38.17647
25,4c0CmlfLtocEfBgq5w289e,8.18750,9.64015
22,5bi9RZL4DjdU9V9PRttwVz,20.00000,22.00000
9,5F6ZMiGi5oAIztq4pF4V67,52.00000,37.66667
14,3D3M2YiczHcqua52vqVoYc,34.00000,36.00000
41,7pwThElmrxl0pjTwXMojCx,34.33333,31.28571
19,2ymjQZjPQe0pziQ67Y8Ncr,24.00000,19.00000
13,4dxk2x0XNvqhk5QzC7ZYY0,14.00000,13.00000
17,3py7wmfyNBKxjImju7SmBv,43.00000,29.33333
5,3z8UclTMQmJWurwEn6C3yM,9.00000,5.00000
9,3KSPxY0wMLxAU5PBEROXgK,3.00000,6.00000
55,6SJX6moiTKAOvrjJeT5RxY,41.50000,43.63636
54,4POPMvpDC7yGtZZ1agfhT0,17.00000,35.50000
5,09uAubY6rlL3uIeSI7ukX8,1.50000,5.00000
24,2UcJVTNX3AAs64CAUgFXKY,25.50000,22.36842
47,7p53fRMaR9h4Ri162E5LGi,46.00000,39.66667
23,1yBp6OMncrnMfyJWIEbKD5,28.00000,25.50000
22,25bpBnWJUBvfBaaUzw8SXy,31.00000,16.66667
27,2VO8rsGA7lKqgoM5fFkgx9,29.00000,35.75000
15,25nahlb6zTMSuEX0ZgLsUT,9.33333,8.46154
2,7aC2uwC9vsPL0itsFfOJXq,17.00000,2.00000
60,45oFvHE9QZYC1vn5pVCDlu,34.33333,59.44444
26,5mUsNIG0uiD5kdVjj5H9lm,14.00000,26.00000
1,4DnZpyGb7RXUQJ488lhxjz,7.18750,8.82671
11,72SI3ZsGwZtaCICGhiZro7,20.00000,24.94444
8,0B5WZoBuVP6Ps5mEKu5U4Q,10.50000,18.22222
27,3xrSIs2cnY8G36UApbC1rv,35.00000,38.50000
49,7bZpsazP9325Jy6LLx2p7J,20.00000,49.00000
15,6Zsa6YJUpv57fOESdkQQ8M,12.00000,13.50000
40,1YeRLPqVEJIpa6jstdiD0O,27.00000,38.25000
9,0CrUJL5Vd7nzutLUy6GegZ,5.00000,9.00000
4,0iSMMupC6kBKj7btcBIXVf,20.00000,9.33333
12,10bgnmbUkdyAji2WgMLyLY,2.56250,13.11111
48,0i8byW08EV6y7Dv9gDPUCF,36.25000,34.50000
33,1GPMjJFlpnO6hOHBhsX0qW,33.00000,33.00000
6,1d85QLGvI5SQH9u4ptWbVL,14.00000,22.35714
47,6Y5o021VaeAm5iRncZhLei,46.00000,47.00000
48,1Jc2HsPucRk1x7lAUd7xma,39.00000,51.27273
18,75V7zNfB94p5PQ3qnQf47G,31.33333,36.00000
6,6IS2KR6r60BZPOqOOEuvlK,15.00000,24.80645
26,4qLq0MatI5KT1xG49JK84A,23.50000,14.46154
12,0D76GidXzJyteIsEvApOXv,10.00000,15.00000
34,75tSsNh0EYP90xx0U4xcwu,27.00000,22.77143
22,2Cq21pgOVjJOkTKtnYBpL4,18.00000,22.00000
32,3hTiiarNmWWfbNqN7rkRsY,46.00000,47.00000
60,6HHje5tfmzWK8PsSaoJ9Xp,42.90909,43.35200
6,26FVAGgMv8HO5ixEMhtwds,31.00000,6.00000
55,7IvfKO66wMWnKaZHh34IoU,10.00000,55.00000
23,6jfByKIYqZiUyoKystLeKN,19.00000,24.60000
5,6qRc0ugjrPhhBAW7lQtUUS,15.00000,13.50000
8,3VXCWcx3NrpUA3zRP34Kdh,5.00000,8.00000
21,4e9KXOu93BZUx4WagJiAx2,36.00000,33.42857
3,0rsI0PBvRVxrXiEMWNfHVp,6.54545,6.47541
7,6NRlwEj1mJRV3tqejwOwts,8.12500,9.49020
59,6yRnpibMV9phmk5aIiqhVk,51.71429,52.36364
43,1aLC6PgrX4A5tfrpQozpQw,68.50000,54.94118
11,2FdUdx56ImUybEjDjZIs98,4.00000,30.80000
3,3pBiDwO8nhEruP5dDANr1G,25.00000,13.00000
26,78NePMJRUj4x06qJj3o5bP,21.00000,26.00000
7,5UHrHb4b1z650vdIvMBfqa,9.50000,9.08333
54,5q6W2V8zwYbrEA0SSEg0IX,79.00000,47.16667
52,5akLE4T9GWOcySnGtZdBC3,48.75000,48.80556
33,7n0DgT7oELfGWb30YlRatt,8.00000,14.17857
43,6YbvyuBTs8JbVj7iyurrJe,69.50000,58.71429
16,70yQzusWd5DK0SbZk9z6tN,12.50000,12.93750
15,7qYxIUr2PyCgdAos6nCMK1,15.00000,15.00000
3,1oBkrD500An2Qi34Nm4ciC,10.50000,7.66667
2,4yDhGdCovq5etL0N0wVmuz,4.75000,10.00000
24,7nKMI2etaVYFW6r9cTXKto,28.00000,32.87500
46,2tVU8TVXlrwk6KESQxLwH8,47.00000,39.76190
8,1oO19givz7kJVCzPmMRZhQ,18.00000,30.00000
1,7yP9FXisTk6UsgJRcIsEtr,1.00000,1.00000
37,6EpMECCzTmWDtnU08ME6hn,26.00000,13.50000
22,0yp1fxlkZqiO7XZFVv81Mh,7.50000,22.00000
24,0TBbjAcKVKKc8QwMoHPI9f,31.00000,24.00000
36,4R0tSGcVRQ8ZXPzttU8mHy,45.00000,28.70000
25,5LGWlKAdKW31qSd9oinB75,19.00000,12.33333
43,60Nh2f0WGbdJj50SRPyLC2,41.00000,43.00000
24,6Ej2mkedwLDb2dyGGBQmuJ,43.00000,18.33333
27,3RoTsOepyXOi2y3nwz52gJ,28.66667,28.10000
2,6GKcklMWDWYgC0sTwmIXqd,7.00000,16.29412
1,0dVe4BKjrtd5TCBgl3pKWQ,21.00000,22.28571
24,3GC0aj9cMmpG3r0zd3JcrQ,34.33333,28.04854
6,3GjCCv0vUVqukI1EdtB4OB,14.00000,10.33333
2,7FaEGcHPE7FwDl0q08l5nU,6.00000,5.35294
8,0b5MHrvCMgCi7nZdp8OKEI,7.33333,7.18085
53,0Ld26D4Ya5Od7ZZpLanfQJ,48.75000,60.67647
49,08nApps9ThD6cZD2jXC4vW,61.50000,48.10000
1,5WUMQW3ZAsLkyGHuukfR4E,12.00000,15.35714
37,2dUNoMDiZTj2FW98z43cwk,18.00000,27.50000
2,3KmWAZMwMUJ8dQOltiZAdo,2.88889,2.79012
2,15J9zHHVrIQSzX4mwBklZ6,3.00000,2.00000
12,16W9jzj18tHuwzml8dzVVi,11.00000,11.14286
41,7qY3EcnVR7pBXBzaHi3bYo,27.66667,33.40000
53,5DkmrXKeWgDS86KKEw45o6,44.00000,48.33333
9,1acaKZBRMGam0eqNo5buX2,9.69231,10.07602
5,6oHihSzz31kEYlW7KTJQMp,38.00000,18.07143
21,57cssSwd1aWW6iVeSzJy68,35.66667,26.15789
22,42eth8deySzysdjgtjd1aD,44.00000,22.00000
7,64qYn2HQw5UFmOZTXR0wuJ,12.00000,15.00000
6,5nbMOzqi8AG6zt3GlGIJp3,5.00000,6.00000
5,6QyyINqyfyYjndGMgTBrUB,7.75000,18.52381
61,00Z3UDoAQwzvGu13HoAM7J,48.00000,49.25000
18,3SFfPeA7XEb8NmhlEI661h,6.66667,20.00000
3,6VPN0oOLPxNDxWukkvAScM,4.00000,3.00000
20,0pHTbHtITAyUBHZlcCuVs9,24.66667,22.54545
33,2m1jLPALRhk6d4wGbsd6eP,32.00000,33.00000
54,5tDnwIxYT1LAYH37yBqg4Z,57.00000,47.62500
42,173BBRCDf7unNOeNIeP0OV,56.66667,46.00000
55,1QZYklqR55tZ6b5mK4LD41,16.00000,55.00000
18,28Y6wIWjcYYfpfurbvKVqL,23.00000,13.80000
2,6ZzWTJMZVSmN8lI7AFMmlt,5.00000,3.50000
2,77CZ5Gr04V1i0WjcpuHsRX,1.00000,1.50000
6,0MlVpngXutOAKCM9Bkaj02,20.00000,19.20370
36,2frQ74368SuSVnXGJCCgqU,45.00000,33.00000
22,5JaRDfKpSjc6H3gYJRuEkW,19.00000,26.62500
9,2V345a7hy5MHOQNtV91hRG,7.60000,26.31579
39,0vZEDTIhGPOIRL0KjqMWTy,49.50000,46.00000
7,3C6OGwQsjIZPpyt2IpsnTB,10.50000,5.46154
42,7Ihfoi68laeuxOhTJLCa4l,58.00000,29.23529
20,6Z9naBJnmxCyNZeWScd0cd,13.50000,16.75000
5,6hb1t4rTZYi6Eekr3E6KcO,3.00000,3.00000
15,57jvoWYjWbNtN1p42LQUHS,22.00000,15.00000
7,3X2yzJhHOWKomEHAsC8DBs,5.33333,5.57500
12,04yB3fD67gcxZCzLolOMKv,22.00000,20.33333
7,03h3gjHBkUp7VK8cAg4Nul,12.00000,9.50000
16,1WXM1vNLCxh8ip9ih9Vvn7,20.00000,16.00000
34,3Zhm1NMatrjbKS6HrDMjr6,77.00000,60.48387
25,454cRoiGliscM95RXMHeMY,27.00000,17.50000
22,43OuMHd3wvXYQlNsnzN0Cb,14.00000,22.00000
3,4LgKpIIZpth2fC16J9ZAn2,12.00000,9.50000
25,1mHKvmQJOQVhd1nLEkiAZr,23.30000,23.47000
28,28jT6lH1Z1y7wSoXN0RwQ2,48.75000,27.01752
4,1CnYzqOAuNHp5jBHtWc5Vo,30.00000,28.52941
11,2MT6FFJfcbG8auwu6kZjAr,24.50000,15.62500
6,0hbJqr0rLt4pCA9iDLJfup,4.66667,6.00000
1,51F1EroFu1f5zZlhG7P72p,8.66667,14.64706
7,0tkiNt1kAO6iulO0MOUolw,12.50000,17.66667
15,4bAFS16s5qBFYuOM4gQ5Xv,8.33333,12.16667
15,2rMMUAYksDdMei2PRRRikG,20.00000,19.66667
12,7bjN5YHVJdoMn3WLi10tNk,21.00000,12.00000
51,74ZHOTPP0eWWe9kLt8jHbP,61.66667,43.58065
1,269lCrEV0tebHbKCJWl0tg,1.20000,1.16000
7,6Q4SD9Pm8vhNwIFqI57YbB,14.00000,13.00000
16,7bLgW67JODFnEjss0gHyIe,20.50000,14.33333
52,4XMc1qHObZ7aXQrH5MmbjK,49.40000,48.92188
15,6tAPgOYjlnSonRExisWYPr,19.00000,15.33333
54,3xbpJdoJDLAfYn3ZeLlukg,48.90000,49.11268
37,346NbiSvL3sv2HC3O1Oni4,33.00000,35.20000
35,0TuY4R69fcHZJ5RVCun3lr,48.00000,39.42857
43,2qCwqpQzlQTlFIIggAQS9l,44.00000,45.10811
8,1rwHxekDVT1zeD0nLBF2Vq,6.00000,8.00000
27,7fgGZ4Na9jUlFetVzroY67,27.50000,27.25000
7,5PTJMc6EB8B0soH4As8kNJ,14.00000,7.00000
29,4ylBlZnpP9AeQYL3NCjyep,6.40000,10.92000
20,3svuHiMlS9vfGya3zl2fhb,21.00000,20.00000
3,72vOuSCAKknJwCTWsGV5Jt,17.00000,16.00000
13,37UV3xGQOXKcraVwTkpSCt,14.00000,13.00000
48,1deQzOQwArAsUgm2WdjtyI,33.00000,28.33333
8,1mnDmzlcxnxJ5Z3Y55JiLb,12.00000,8.00000
1,70ZjHyuDqBy7OR9hGuMA9Z,2.00000,1.00000
34,6I57k3VAHWPm8e7TD7Nxp3,22.25000,28.06383
42,5KTMtd3GnDdcWnwxcEBwKX,38.00000,42.00000
51,5z9Z1vlOXGvDLBgKfzdswn,35.00000,51.00000
26,52Hrtc5HpajtSFBtalDZ7u,30.00000,34.33333
24,7k1jHUZ4OqRGJcOjCQu28Y,25.00000,29.33333
13,4onypgNFPIHhPqEO7BYYIE,3.00000,13.00000
29,6BcdK38mr5woVzJLhCM9Sq,21.00000,24.00000
4,4WkpWTLZJ7E5AuwxUc7d4r,2.00000,4.00000
8,48uChCFQlxlUMuJYAoE6V3,14.00000,11.00000
59,6E94YMM50nYraxpkixvQuW,60.00000,59.00000
9,6fnQvL3k7inhG6vwbpFV7l,27.50000,23.70000
1,0u03crfsHT5wMaaqJtLC0N,8.00000,7.08333
12,4PaAyrLqrvlkqgiyF9xGtx,15.25000,19.79310
12,6QlbR125KHdUaP1REV8GXy,7.00000,38.50000
9,1TDyH64TWDTlo08FqlWg0n,32.00000,24.36105
23,1qkiQlFDfd13YQeOpJt313,23.25000,23.18750
37,4sctitB70tTmziCPMwYJJr,40.50000,34.33333
2,1ptIaWzES4q6J3U5BerVdP,13.00000,2.00000
42,2IVRdLuNrGmADqmGsL1RmM,21.50000,42.00000
36,0GfqvPCcAF38BA6m53flUi,22.00000,36.00000
26,2WhhDrNsLFLKyGsGklRfJX,19.50000,22.75000
4,4cMv92WGb05s6bdTkh9tBY,34.00000,24.66667
15,284gxkLAHMQn0rT3uIYCXT,20.00000,15.00000
10,4jio39DG0XFxnaScND06to,9.50000,7.55556
10,1JkIjayfiEEYvIaUYY4b7A,9.00000,10.00000
1,3QoxzVy68zrfrI7oDoMqOI,3.33333,5.66667
2,6IqYQfkG3QN6ccetMA5Y3l,1.00000,2.00000
22,4h5fHlhSEPJ2vFuapQzRyf,19.00000,36.00000
1,0KOv7rSWHtuVjluxScEB1A,31.00000,1.00000
3,3t7Mq6BNHGvMoscYIF0Q4i,3.00000,3.00000
1,7Fr7bKYmyttFB1DqGqJHwf,5.00000,3.71429
1,2USMJkpG8oIQV2Am1abbUc,1.00000,1.00000
21,0gr5W6FgzzoMwp7PhpMRqD,57.00000,29.19534
20,2OGak31MeSC0Q67WKg5Nud,19.00000,20.00000
41,2hAAbtwTIck3hAg28d4jMJ,33.00000,37.00000
12,25B296laEcMaYnllq1JAtg,55.00000,42.00000
11,5H9btXnRE6ztHpeN4F46hV,17.00000,8.00000
26,5kuBUn8xuU9w2Q8ys3WhDA,40.25000,45.47059
17,0ALCKoq60ZQIRlmwwKfRJ7,11.00000,11.00000
1,7dg9fOehNyahgJy5ytefps,16.00000,1.00000
17,7oG1pSnrZ0unVFdGWOPVUB,22.00000,19.50000
2,44Fdnt7ZP9VkRuyYHbrglj,7.75000,13.12500
41,3UYmA19wyTX7ebx0WFzhDC,30.33333,37.00000
27,2XInFFvpdu5Xxpwc6kE8hJ,42.00000,53.50000
23,1oBEBPFfVbFNENgKNukrxO,32.00000,29.25000
20,3YvZfBhksh0gerGexPdl0O,45.33333,47.77143
51,5mXYWM38dlAs01e3XQEtma,60.00000,57.79412
7,3S0xyOWzGjqGe5HRYL62YN,7.20000,7.23077
24,4GVk4QrXjy3J5SSNIDxWbz,16.00000,24.00000
26,1kSdRaJdfvhPEjyENE9mS9,26.00000,36.25000
29,7js5W6QEvMBO11O747BMUP,38.50000,30.63889
34,0XzjmqIqvTnie7suxhyFC1,36.00000,31.00000
5,5pF53KdsxnTA0InKzyLZcq,5.00000,5.00000
10,2FFlexiMwb751pi9xSDDXG,63.00000,34.71930
7,1teetAIDBzMwUhQX1ff07R,5.00000,5.66667
43,3HdBTStjnFIoDKFSUQ0V1H,36.00000,43.50000
54,29CTrnvjIYocNxv66Umt5B,42.09091,45.88462
4,1On5md58AOdwm6qbnw0LeQ,5.00000,4.50000
40,61Sbigb2Faz8K27wBoOBo9,49.00000,36.33333
19,6CrowZiPXE0WfF5xEzimLq,19.00000,30.50000
14,1shZp6ioaXNJtvROOSOCgG,28.00000,14.00000
50,2cZwVNd4sK0CCJ6BqY7U9H,46.55556,47.02353
29,6RQVbkxQcRhkvDEtOUc3Pn,22.00000,29.00000
30,7oU5AAW5FXppn4c3yKxVXK,32.50000,36.00000
40,4pOAPoZULtp57gpgrLqCPb,54.50000,40.00000
3,0p9vb0dDTKpEtkTtMMfAO2,45.00000,51.33333
41,51IT5y05qux2Um4bPUxzX6,56.00000,53.00000
21,0RKsF1pa3v0hhEeJbt5AxV,29.33333,30.45946
3,6F3xUcTnKsRmU72AY2hgGv,28.50000,31.07692
7,07drWzORj5OeTdm0f3IDPN,4.33333,12.44444
19,7GUeBvBovcktEUs3mpzf1r,19.50000,20.90323
23,72tkvQo3Xeor1E1nPvb4sm,22.33333,22.55556
28,4ikP3KN5qKAPbhyZOQUOFp,20.80000,26.23529
6,5tV4BJt3UUfQX6CMRBRKgz,14.00000,6.00000
28,5ab1YzPYsJXjDcne9zvtUP,32.00000,28.00000
24,1ZMZPShdaV7SHHydNutrtv,58.00000,47.86667
2,4VvEoHWM8qEkMBoi05QOl6,31.00000,34.25000
14,2uyse5x6TgSDE5mMIs7fp9,31.00000,27.77778
21,0lieo9QC2uAYM7zCdynAPN,24.28571,23.89091
5,44IvO3QKJTwlsb4HKQ9yXP,5.00000,6.56522
16,3S5YXrn5DlPgQm2cOu4EWY,10.00000,16.00000
12,0Tcdt3KvN1OEqHI8NuG5WB,23.00000,12.00000
21,744QOPtPxEmtOb0WXEQZzV,48.00000,52.68750
27,7858BL0tn4bW1cwHayYe9K,38.00000,24.50000
46,5cQzEZp11I3of5jdQ2GAVK,13.00000,29.50000
32,0pK1kMsD0cnIoFPL675cAa,20.00000,19.42857
31,7g2tk3e0kullWppB29c3h7,44.76923,44.11823
3,6Xib5UgaNJqtVxL87ZwiXR,33.50000,35.00000
1,55S1ikGBFGgcfdEZSl5x1v,1.00000,1.00000
6,05aPnbhVeotGKoDuzdvFHj,32.00000,33.50000
31,0ataZuIu0o6kvkzsxCjFtf,31.00000,31.50000
10,6d95s8ExyRPwyrY8A8enmd,26.00000,22.33333
12,5eVNx1rbr91fpZWzOOjayq,12.66667,12.44444
30,3PypgmeMQwQPRnUs9LDemV,25.00000,30.00000
11,1j2yBOp3xiD7AsVJsW7HYY,32.50000,27.38544
5,6ztoBjE6x6ysEGuWhc1PbD,14.00000,5.00000
15,2DTvpTHC0r3HvD6GW4BjSp,10.00000,13.66667
20,5sCRUrfA02147kqNTmgLhG,20.75000,20.56250
25,6xvXnxbQMHFVicpc2yka8j,37.00000,33.50000
46,6ZpOQK1OKdCybuOgMkdbUh,61.00000,64.16667
18,4CrXP7jR19TSvfH6YrIo6R,18.00000,18.00000
74,6gLW5LlLEXdtWaS0EWfzaJ,45.14286,57.85000
2,0YJflRsz0Q7j859K7JPQBG,43.00000,29.16667
21,2EeEMzpXQHMF9pgJjmm2Sb,56.00000,32.83333
2,51gm8opyilxayoyX3DMzEe,15.50000,13.69231
16,2p8Ut2yzdCUs7f1JDDzcUx,15.00000,15.50000
11,0FUF7QHfCvpvQhTydC6v6f,66.00000,27.65450
22,5uWJrA5m2FRzq2FnZAmL1W,32.00000,22.00000
32,74gbpHCmAvjZgLfFrC7gsW,31.00000,32.00000
26,2nnXewwbucNCVCgEcoJKbh,24.60000,25.34615
26,6kv92buVs9OtJH5gWRPd02,40.00000,36.57143
5,0cvYhEnzVavy5eFBGON4O0,2.00000,5.00000
2,1VtDtDuhfqks3WFUbQrc97,6.00000,2.00000
54,5pT9S3KV5SqnzKHpSYf3ko,30.50000,54.00000
13,5Y3QJ2xmcmWjSHCZ0ngPJV,4.00000,13.00000
31,5W9IB7FQxLR2zu3q0VtIZx,40.00000,31.00000
18,5bDg16VAS2EROEATWjvzUq,20.25000,18.88235
9,5JN98lRn6bmGRANpNO18yd,31.00000,9.00000
13,18nh2S9GbM0Fg40PUgg6ov,8.00000,13.00000
57,6NPvzQnxY7WwRMoN2qVBHU,34.00000,48.00000
18,766wo5YOpIMfTn1Ri0jKO4,10.50000,7.00000
11,6fEN8syfWB87Ak6A4AA7Kv,23.00000,24.91304
1,7DcBIHVb1g0OBpL0eXyuYI,1.00000,1.00000
25,6KwqkkAt5WfjKPdcI55XFO,33.33333,33.04082
7,31tsCL24CA9LiV3vh14BJ3,22.00000,17.33333
18,37jmOEOOaNZlLO0wNUWCV5,35.33333,35.33333
3,2Ga2WaalQaFsz0d9dClJ8M,17.50000,8.83333
1,5OQ3wp0tRy6S2aXZthO4xn,1.00000,1.00000
6,58o4fElFOSVDCWSuvpcS3S,62.00000,37.00000
28,75Re3LsiIVwH626PkAMrGP,62.00000,52.00000
3,4LdUrxQvFOM3x88m0P3GLn,3.00000,3.00000
5,0eVOZgggXCf2uZ4lEYve8Q,7.41667,8.50802
1,7iYZxc4ZGGQELMk9nAeXiX,8.00000,1.00000
19,7cHNfTiH7JEd6nIOKGbYsd,23.50000,19.40000
30,6rREDWo14PH0s8L1GEeZZ9,38.00000,33.34615
2,1WjElS5bG0Si5oNy0ATbTD,33.00000,42.50000
28,3cf8tGsp9KsZM98GnwzarR,34.00000,19.50000
47,2znuNoLW9zjOV0otN0qy2J,27.21429,26.46593
13,1nwqmVoGXHGiQ5oH8uyVZr,12.00000,13.00000
15,43cOuuQ4B2A2sBGrF3bDyr,33.00000,15.00000
56,2IAxPmQzx2NuutHe7ta7gs,47.14286,41.05224
57,6hYxQDiGct9yfRlSEv3F8a,42.25000,41.01064
1,09ypMN3NJAgWChiuKn4FwF,2.00000,1.00000
43,1JW9Q2DToFLptGpxXNKHWp,41.00000,31.80000
27,3quiO6Un8G55TpLqs3gRv8,18.00000,23.75000
1,3Yx98K9YAUUHvExVDhxRt2,4.00000,1.00000
13,12aPkak5WExyvZG8uF3aoR,21.81818,21.09333
31,0PyyoamnJX4tdrSf8r6dij,43.00000,33.80000
3,0u8p49RzAv5E5KA4195SR0,4.50000,3.75000
3,37GP5Bd4U7TR6MH2baxouL,4.50000,3.75000
6,49zBTaeVR5QO7QLpkc35Kt,3.00000,6.00000
56,0IdAjS2LRieBR3gzoazdAw,31.66667,38.00000
6,4iC1Grz4nLLJXjW9HldaTi,15.00000,16.00000
26,1oHeDpNYGLGhLqCbKxa8Du,42.50000,32.46154
32,6IaOUkLKnYH0q8Vm2AdhQ5,43.50000,36.96296
29,35heZ86wb4673IfTIqwoA6,37.50000,33.83333
17,4EimguZ0MU2MnhUdcxCwwK,20.33333,18.63636
2,1K5eXZuti5lP9UHqkSFvcV,25.00000,14.50000
46,7bKo8Jgp76YNToFednF7kT,19.00000,61.33333
26,7GIVuJMSHTPPCHv6qLm2ra,29.91667,29.85517
3,7aXUVbdyiTH5GoplGYWUPW,1.20000,1.56000
60,0qpRQJnULShIWFKhcW5pce,14.00000,32.00000
38,5By96BEFKNPjJ1yV27hnI5,44.80000,41.33333
5,1apBEu9beJhiQeylq2dFrv,5.00000,5.00000
4,2RW8pUGSdjPNanJNNACRSx,11.50000,15.40000
32,0iXqD1nqpUcsb023DeKEaK,33.00000,29.90000
2,20iYlDJgV9zLL4rVSmvGDo,2.00000,2.00000
37,6AeQsb3Y8eAF8r0xBJaTXp,41.00000,25.50000
27,2mdy3r6keNMSqB6BupMzsZ,32.30769,31.83333
5,4Eiho0pljVPqc3zc6spTSY,35.00000,21.00000
17,3pe5jgIKhkaB1yaa1NiWtS,26.20000,26.39130
42,6AKWjx5wmOI3bCeLrxFjgv,38.16667,36.03704
21,7gBLU8dCvhvx93O9CC8M8y,28.66667,28.70000
7,5w1g3XcgRpbREElC0OxQvC,7.00000,7.00000
3,6KwoOHTofMWsUg3xsA2JEC,3.00000,3.00000
43,0RWcEfIRdgfnk750svBSvZ,49.50000,46.20000
21,76gKueHteVltusfQN5Hsvg,15.00000,21.00000
30,4kmq4NmMAD2EB24v6Il3qr,33.00000,21.66667
29,4COmN2IoFGwUaWAUnuZ26Q,35.00000,29.00000
7,71746ujQesEshdWI9OIOsG,5.00000,7.00000
19,1JhX79BB61GOPfPwk1N81H,31.00000,19.00000
30,4ooQnDvpmzEtecSvU9tHJ1,5.63636,7.85124
2,7eN3HBHmorkAizPkBcfeCb,6.00000,2.00000
37,67RmjpcaDCjcdKMiBuamuV,49.00000,33.12500
35,2YLgUIzk2Ijs1Qz4vus5vZ,29.00000,43.44444
34,0kCPdfcspHbuEplkmEGBgU,23.00000,34.00000
55,0SkYTcVrcBJRNfV6KfUWAY,44.43750,44.62840
6,40ITjgWYjb6C835nL24kwZ,10.36364,9.96694
32,1Y35rh5OR2IEcRW2UmLBEv,15.77273,16.47277
33,6VudYJdJp1mnLYzip6B8Sg,46.66667,44.31579
47,1XuElPB6cXvizvximkfS01,68.00000,42.95652
13,3sJFePLF8uUp0s8YDBOhM4,57.00000,36.60000
39,1rVbmzDLNj0HzO8WbjUwHj,15.50000,39.00000
31,0MdOg4Cai2NlU8oLeaSJ5z,32.40000,30.50000
29,2BQnWxr7muleTey50XBtAt,38.25000,27.95000
2,4ovECUAy5yR1hxEHopq1Zr,6.00000,9.22222
34,0Xby6OpjBTxkbiGyhJU8RA,29.25000,48.56250
4,0Q6eZ4nsm2QFlMHmAcbetj,3.00000,4.00000
39,7D5S8dldpjXQmdWCDnBtOL,50.00000,39.00000
24,1VBgmJ3gl9gZkapG09sUVO,28.00000,27.00000
21,083cZxSRtIoxShkZRkRSIp,45.00000,29.87500
15,2LPaRqBDqHJbbxt6lovXlR,13.14286,16.13953
32,413rPqZ1Tgx88r6uZTxZHU,45.25000,40.54054
31,4mNqgCpPwkwYyr6xlqJViu,38.00000,31.00000
24,7N0ffqIuui8xHu7PBrxf5q,63.00000,25.00000
43,2yPVS2x96IoUdO7t68VUjH,34.50000,37.34483
27,1TD1lnJqWX0qPq4nhfxrsx,15.22727,16.48802
8,1wGgkCyU4obFYUTCeXGsYS,15.00000,8.00000
3,7D05JxDwgsxcmuqx9k7x4n,9.56250,9.55682
9,6esodUUPglOFQpehfv1Nze,30.33333,26.90000
66,1BrFcFtIp3ZqvuI5C0VcK3,56.00000,60.66667
52,5jysNZ8I6vAiNTsFbrIj1K,29.60000,44.50000
3,1trIGppF2UsCEsbJPijmAw,29.00000,3.00000
12,1f7w6FIrjqUo4LyCdzzTV0,38.00000,26.27778
25,79JzPYyWKD2hXF9RmHLIxr,28.50000,26.56522
10,7h6CNCiO7u8RQExiDaxVBG,23.60000,25.35714
5,3tVDz64FJOwqdzPRq0EtCL,13.66667,17.21667
26,1gFaP9K5NYWzaBLZkFx4ch,27.00000,31.75000
28,3nOQl0lfkC61wfkDoVL5tJ,74.00000,42.30303
9,6y0n4RB5B96l3Ye0o21hqS,5.00000,9.00000
6,7lQtAc99RLF9XHjNVybVEs,6.29268,6.40659
10,5anByZL38ayUaLg0TYY5LM,4.00000,10.00000
12,3A3T9e3nO84Hpzhu6Am8OZ,6.00000,12.00000
20,4nCwJgk5FW7Fr0IgfXvGFJ,28.00000,19.66667
8,5sDnPhZdAs4FW1ewepXdFj,14.00000,8.00000
41,3QNeNol7scVLjx1uYCTyzx,49.50000,46.73171
53,0P1CKlruhcbhbq7yA5oh83,33.00000,48.00000
45,18NGy21sY9r3yZ143SEwAv,58.00000,48.38462
53,0fYw4bch7qTxBZLS3rSVMj,61.33333,58.23810
1,2B2yqS9x0TrPzNCRgIkuKB,2.00000,1.00000
12,70CtE72vbHxGpv7mrvZH05,28.00000,27.00000
51,33NScerSaBJ9Y1YndrE5sL,60.00000,45.00000
12,6r3sz2SoY56xHGNirnYykh,25.00000,29.34118
3,3z6sd6XnQXWLWcnJ08RMs8,6.00000,4.50000
43,1E7kD5wnDgBGtEFvUL5UWv,45.66667,41.35714
25,1xQg8TOLEchtnaHNiXY292,10.00000,25.00000
38,2N6ovxTbZJfQBpTehOI5wR,5.00000,38.00000
46,4mVClR51ezgcGmBnInzFum,61.75000,49.90000
46,6D5hUhZncLiNMeE3gq9BhL,66.00000,52.75000
20,3F6C11lp2Il4Ho68Ap0cvp,25.00000,36.66667
21,3gNlYtsRvb8cSkpCrA8cEB,17.00000,26.16667
25,0lnppF5tW8IasPkvTCfDQn,15.50000,15.28571
10,4KBDWtmCd1bUwzvj66qpAQ,77.00000,25.07638
3,0FiVhWWk4WTOc6gPzaYpJU,4.00000,3.00000
4,7Gzk8zFtMkQPVIiBkfZxvX,12.00000,19.20000
11,17ISk8TVvrijQ3lQhMKAZ9,11.00000,11.00000
3,1RkodhwzZnOHgZAV9c3bUY,20.00000,3.00000
7,5yNL8D2iByD2joJwdPWfp4,18.00000,7.00000
8,63xqNgWud5yml3bghWhLOp,33.00000,26.38462
13,6QqbHm5rA5LdwlHYcIWmun,6.50000,9.75000
1,3VumpaHPOdFqUijy6EuqSF,17.00000,4.33333
13,5sTCwwLa1MHJ1lPrf0j2fU,20.50000,16.75000
46,7ySZXevcgRfQ8OBL76GMSz,12.00000,46.00000
13,3VYSj1L7sBgtBjVdIzzJyF,16.50000,9.00000
12,2UCb7uIiurKJSiyYvx31gL,13.58333,15.13889
1,6IXJwXhkSw3TPEr6ROsZCI,1.00000,1.00000
26,7FJmFOJX7UICzhOWqcvxd7,32.16667,25.46512
9,5WnI3mdmxt1wFruFbibC93,33.20000,25.70732
5,42BTwvhn9M4KximVSMrioj,9.00000,5.00000
4,126A6Aoq9txSqkqisZ7Hvh,45.00000,4.50000
24,3nfhTaru0QTEPxPI6vEWPJ,19.00000,24.00000
5,48rdlQIcH0AOPKivxF4atK,4.00000,11.66667
1,0WQCVWlM0eXUVvNqlg4v28,25.00000,18.32000
10,0UR993zTt1maZI1MkuQtk9,7.66667,8.44444
6,3btowVaRuYeBKT4bqrB3jZ,6.20000,6.00000
1,59p1qXSrN0yEogWlr43yhS,2.00000,1.00000
37,5wotSJsaxfYc39pyRKK2cL,32.00000,37.00000
33,2ELqikmdyur5xfZtLSSUqy,33.62500,31.11327
8,6HLw5mGgPkkz59Cu56xIMp,17.00000,12.50000
35,3UBxUewPXF2kb68BKd5suU,40.00000,36.90909
13,72neKsrZwweINrE6bNvjoC,21.50000,17.25000
7,6idj4W3HHH8lsdnQvWqb3S,51.50000,25.50000
9,67pLRxFdm97JPWtU3PTB8U,9.50000,9.37500
28,79F9Qv7X3BjSHltnWfLBWV,58.00000,34.00000
16,2mlQDjdVfEK5iuVX2OnpbU,37.00000,16.00000
5,5JxjdP6Sas6r3rb9qcw3VD,19.00000,5.00000
6,0nFvEhdGUtDvyLq1Y0QCZQ,3.00000,6.00000
15,5wsqBcC40w9xU1u38KQX3y,41.00000,30.33333
42,3lbE4VUYGYUusBmdfPbtJV,28.00000,43.25000
37,2X4GEvrPvuF61jxYR1d9RL,60.00000,45.50000
12,2yU7eWSDqMr14gb0bjObPF,15.33333,14.22222
44,64uKFTM2qQ8J49bWPydbJO,40.50000,42.25000
3,7HRq1FywiLWKUn0hytvmiz,59.50000,55.39394
9,46ZHZdEsn0q4AcsAES4Ful,17.50000,22.00000
3,14uaWsKtytRtzqoUcgL3s5,12.27273,13.59420
29,1EoUchyiJeXQqhGBANhbiI,34.50000,41.66667
18,5t2dbwzciTLK5LwHB71doG,18.50000,18.25000
37,23pbSN0bdhuK8cpCg3dOQX,41.00000,25.22222
22,7Lg7lDO4P5HMTJljr0MV83,24.00000,22.00000
58,0awWNjR5qmSZsQVFAo2NsR,61.50000,58.94444
12,4WNN0ElS0Ob6WmiMhS8zBd,26.50000,17.66667
2,1usAjLtmmqI8ucQI8fim1P,11.00000,19.50000
14,63wCkBFWMJlbNNyJAXjYcU,14.00000,14.00000
27,6XFLd1UMSFRk5mk9B3ECml,29.33333,29.07692
1,29uj24CPGgMXFFppQTi2UP,2.50000,5.33333
1,1oX49iqoX9C8CHPSonrnDn,5.50000,3.25000
8,2aoB9gstGgiu0V4lL3S0c9,11.50000,16.88889
35,2rM5r4kCebim8vFoUxMSRJ,35.00000,28.40000
12,3o8mBvpkA0fXrqiT1pjnBZ,1.00000,12.00000
37,4M8qPlf0dabFPQwyEroXRo,9.50000,23.25000
36,1aAiIcYEUijIWf57lnNBbf,32.00000,24.83333
47,2GSXsSy3YzWsp4BXfSGucS,36.00000,34.00000
4,377ynVR8JuXZHP4IIG3cgo,2.00000,4.00000
14,7iDwA5LxUZXHF6t94flhPi,13.66667,15.20000
24,7BU3LRtUwP48t4OYNmYZHI,29.75000,27.60000
2,73iD5EXFxaOL0hKSCyU4Ne,17.00000,2.00000
21,0gDI1ON8qAsa4WNZZWL2kX,19.40000,20.22222
18,0F3owIAAiwFiIzGP2YU6mg,22.00000,18.00000
2,0lLzV07hpODYurU3fmGfjn,9.00000,2.00000
12,6dSGyD0rI9GvomvLjhOiVh,14.50000,14.35294
10,06NRmst2ts25DX4KWFE2J9,30.33333,25.41667
1,6KsC0nyWNWFrFxsgXeSbor,4.50000,2.75000
1,0C3e6EKyVWFIvgWX6ekcW9,44.00000,1.00000
17,73x3syfEaE9hyCpdIUFEPq,25.50000,18.75000
8,0M10f5IRBVMnHdmxbZGcjD,26.00000,9.25000
4,3rRgyhyTJ6y2bvw21AIXPi,28.00000,4.00000
24,4tB1i3eh5ABSSjEPW9fTSZ,16.00000,24.00000
11,3pnV3zaWjl7WpOVmTWLxW9,33.00000,22.00000
22,1F4JbI58K1jpeoGZSWbK6q,44.00000,22.00000
3,4Rn6UX87gLc4vkqn9KUE9H,4.00000,3.00000
11,45CmNIUgmphfFfum6D1pXl,11.00000,11.00000
22,1OBTN7Y4D5KRbWDLjMg97j,23.00000,22.00000
5,5aeiGRqnHd4evuzbzhiRhR,22.00000,12.81818
7,3PGL3pitV1oSwtjqZZJrMh,12.50000,9.00000
10,3eybhc5xlB0ooqhWlWGjJa,8.00000,10.00000
4,5v4vccrocERUmDDNKOqigL,3.14286,3.87500
1,4AoMsPmkYlvgPZrF7CPnoK,12.00000,1.00000
4,4f7X8KBzWwXaLRYpZD4UCY,2.00000,4.00000
11,5bQaVmwybI6WPkEcLG2dFn,27.00000,11.00000
5,0UMRLXEHPC1z6CiC9zjQMu,23.00000,29.33520
1,5CrPGWSThwBGfrGX4S0Izk,2.00000,1.00000
30,3VTEMqEpLc0h23WRPcVTY9,23.00000,30.00000
1,1wrXKtQQkRe5SZAt0NsFNl,12.00000,8.50000
5,4BrnpRKPspb8M5jQr3XQxM,27.50000,28.15263
27,4kJwp8PjlxUJh4bHYPqEqp,31.00000,23.00000
8,56XSbLM1s6H98vwf6IPZtd,22.00000,8.00000
5,0p6MgFIkdr4VTj2YaZDGBF,21.00000,16.60000
18,61xM0vDCQAf1uG6LGZxSoj,2.00000,18.00000
20,4FBUZCyCeUSwtpJxpUJmBS,23.50000,14.66667
11,5EqZfRDXWH1w0m6Djo5UKO,21.00000,13.00000
30,0xGKfXSf03NYjxQQruyYOZ,45.00000,27.40000
25,3ZZT5Z4TDnzZWq9SiYHS4P,58.00000,49.20000
19,5Hdtw43LUumAd7rWsKmyAw,13.00000,16.50000
10,4zDtmRX8qJUB7JnUAcuMkU,20.50000,10.10000
7,0CiUHeymjQU8I6ATOEria3,26.00000,38.85714
25,2l0gTMUUPKgscXNGVFF8ly,23.00000,25.00000
13,4pKT3ItLtDwPFXqDZW4IbC,30.85714,32.40659
1,2e6DS0IniOXyJNs4BTBLoo,1.00000,1.00000
16,6vMQDgtvFwEhEqQABQLgJ0,18.00000,16.00000
3,7iNpHC9v5M7n3igsKnk9Yn,17.50000,11.16667
1,4s0obbcfvN6ifcvnoajNI1,33.50000,27.58981
24,6BkZZUURSzlrrIJnGtkSSx,18.00000,17.53333
9,3ZqorlVgZKL88eGr48JSdd,21.75000,16.53333
25,3WTDBT4MT3iWGXJUV7W4aH,25.40000,26.17857
24,3rHJP8hC0SeiAQlD66YOQX,26.00000,24.00000
2,0PCqIgvE7KDSkw1Z6NEYc9,16.00000,13.16667
2,2UY6M64jKjs9lNrC52SNVv,22.33333,33.53968
8,77KDxJeNBLxEabflrrZ9DG,10.00000,8.00000
24,37FJSSQrfIbOspiH5TqmJo,30.00000,22.00000
10,2yoVLBPhzg6g9I1YznfvKy,5.00000,10.00000
32,1ipLoOAM6e3zqbqUeDPpbs,33.00000,32.00000
33,3ktVTcbbzIOoAm8vZnDVPw,34.85714,34.80000
3,6e61VXeMjbkAF6VKNqcRJJ,8.50000,10.18182
20,2NSKZ2stp0iofquGhLM9jL,22.75000,23.27848
1,6hU5O0aVEBEceTbT6j0ELw,2.00000,15.50000
25,615dqZYNvr6ZImSbS7e1wk,32.00000,25.00000
6,4OmhSRiF37YtjwLywOVzAS,8.00000,6.00000
36,3T6MQugN3SnovyHgr7PLUa,40.00000,30.05556
19,0SCxTTTbkhjH35sBtXdbg0,20.00000,19.00000
15,7vvm5hKDHzO2tbbJlDbGp5,4.25000,8.33333
42,3vfHfEVTpvhiX5RDIMlVQB,37.22222,44.56000
25,2vOQkFQDXp4QV77pnlet6m,7.00000,25.00000
18,1mDK894RkLDHYycTvXDQI6,20.00000,7.63636
4,5iw1ZFLO8CwwezTEc5zsnO,3.00000,4.00000
3,70QTMG73oSBkSoz6fVWWTi,3.00000,3.00000
6,0sRET8fqWMzvME9hWLsAJP,1.00000,6.00000
2,4Lrqy4zeqBW8iI8hzlipMC,25.00000,2.00000
20,6f8gTOh2E9jysxAmrPwRoU,21.00000,20.00000
51,1Cm5r6LqrFQDuA0F4KUIQz,44.09091,37.52381
5,4bnLAd54XzJouoqcYVAHcQ,25.83333,22.23438
53,7bxG51u5eddqEHSaI0nvXy,43.50000,48.25000
2,1AU1KKmqdyWB29s0sYVjH3,14.50000,13.63636
19,1GKI1rI9rVfvoXgEwW5y5H,34.38462,34.05778
6,58ir1aB33oJ25E9D3rw8l8,6.00000,6.00000
11,0N9CYY1SdbL399AZF1qDbI,21.50000,16.25000
31,1DRM3CFf0dNpD44SaOqjSc,12.00000,31.00000
19,6YJWLyzMm3fUifphg9HoSp,18.00000,19.00000
40,3rSF48YAi2o73YFIKMvBVu,8.50000,40.00000
9,4u7drXjMOnbRIU1zoLL43v,9.00000,9.00000
59,2zNmlxTlRfyMAAifd2f71Q,73.00000,59.00000
32,6bOI44vIWQPwNzm0ORkK8Q,26.50000,24.75000
12,2rxAHmMPzgtJkxMHR8Wne0,16.00000,19.00000
22,41hujDAS4f36WggPeqQFWk,14.25000,17.46154
8,324bOqggWvSAxhwcpoGnbm,38.00000,24.25000
3,6WUMrx2K444elwN6n8hl4W,5.00000,3.00000
6,7KUP7DrK9oJwU7tyuWxxYr,6.50000,6.25000
17,607FRr49hQRy1hfWXDA5IK,20.00000,19.00000
5,01SccdbqtfVvpZ2UD1snND,10.00000,5.00000
11,50o6eOc9DvC6ncX5oUTDf5,8.00000,11.00000
25,5NJkGbRYzH21qNP6UEKx5W,48.00000,28.31008
2,4CuRxnBoQH1iAc5lWU4nqk,4.33333,3.30000
7,5NrBHeBMpxHhapZD8gn3Pe,9.00000,7.00000
51,6ac253D3NynjiNAjkkR2TJ,51.00000,46.33333
5,3kZaEjw4hYCdQ7OrXpu4OX,34.00000,10.20000
12,3F27GHBz1nQXWRekD1s9vM,13.00000,12.00000
32,6kvEy25jX5e1RtdFn1Eo3X,24.50000,21.66667
10,5Bcc4SgJnO211MQBbJPkeG,8.00000,6.50000
23,1XuOxeq7zKZTvilwbHdS6v,21.00000,23.00000
27,6ALVdge4HS2DBnOWR6RgNP,27.00000,27.00000
2,7uPSmMC9ouJgR6scLTbGe3,5.00000,2.00000
15,0GlNefxv0mkMduqWE2hrOj,32.00000,19.16667
12,01P3sI9cTWVijMfNm0Jz7V,13.00000,12.00000
11,4SUWLWGcllGbkcLN5DKulp,19.00000,11.00000
15,6jQNsTMdxFZugbha5suqHR,31.00000,29.72727
28,1qmmiqE1glIyPbXg5sZ92f,39.00000,39.75000
14,2gcRtyeG0XiktKbXjznGeD,14.00000,14.00000
3,45auL59ax2bGAwkzofVY4z,2.00000,2.16667
1,4GbJaYKzPtFslyRLiWA2rz,13.00000,7.00000
4,0vVti24oNaCE7Xfh6oX6Fr,6.00000,4.00000
8,3SJy8qRwrJWfxWY7SkDHDj,6.00000,7.00000
50,2SaIA1enj83vEmJikZdjQ3,50.00000,62.83333
16,03r57CYXVGc9EOIiRFyMqE,7.50000,11.75000
17,5y3FEJ93RPUlAcm4vkCN7h,14.50000,15.75000
2,1F1MwDcHWsqnzdWsXjgwpA,16.00000,1.50000
40,53jPOVHmvmVF6lLZgtcFzL,30.00000,40.16667
39,1QJ4iU6xJtdrk6HSPUTQ98,56.00000,57.84615
31,0wU7Jx5ZYz2r4Q8DVqqv30,33.00000,32.00000
39,7MUhgczJeVY0PoEMCpEsxt,36.00000,39.00000
25,2UWjTp1bO8nMI3C1jfrTsj,21.00000,19.71429
13,0GifBSsOozMuwRpBY8nhus,13.00000,13.00000
32,3piygLoXBXFOM06iyKWLEc,70.00000,45.73333
37,63ZRvqQ9D5sTjMPAYzuSYM,14.00000,37.00000
26,5jJO4NQhIubBQAqSZVA5S7,29.00000,34.00000
7,5PBSE8Nhvce9pN0tIb25yh,8.00000,7.00000
22,2Y4HyZqAPMu0R6nvl5rWgW,61.00000,59.66667
27,6gA3mg8N7XGRwY1WwKcm8D,27.00000,27.00000
25,1LHdNfe9h6CyUBF5njP0W5,25.00000,31.33333
38,44FllAmIHlAVQFnD0iuXQn,65.00000,54.80000
3,7C77OblopisSxFSS8tpN0z,3.00000,3.00000
10,1cD9tbKLNxATeTNNBpDDAx,37.50000,17.75000
4,31SOa6D70ZRfVR9unPNqAU,10.00000,4.00000
17,3glnwAjnBZI6TtLCPHwjRw,39.00000,17.00000
11,6nNrnNMqJoU5G9xoAEDxTb,11.00000,11.00000
9,5wubUlXJuXyoYtHR9hgKxO,12.00000,9.00000
45,29JlvmcJaB2Iv1dQZ8Jd8F,55.33333,44.00000
4,0Dc83FEIJBHxf1Nzcq3U7n,1.00000,4.00000
16,1d92TTBgMj3vqtOs8DQ499,52.00000,16.00000
49,1AqQ7buD0q6SRbQtYQUnou,67.00000,46.35714
31,7DWwtWoYH8jhf28tq3118m,35.00000,20.33333
49,7arwEayqcKWkzDmGEB7xov,54.00000,49.00000
13,5H4ORJM3AxCkrxJlWq7a7s,23.33333,21.55556
30,1XUaxgez29jiFVbd3slZrr,29.00000,29.50000
12,4pCa16VT3kEpljHoqbhvpF,29.80000,38.38462
17,6R02jK9KWlta3ptrygZCAU,11.00000,17.00000
10,1ns3C0t4QIiEOMO6ELXfBN,6.00000,10.00000
34,79J0nsmaJfS2cb4GjYmfFA,39.00000,34.00000
16,7oXEFws4LrxJv1o4PeOLHe,21.00000,11.00000
22,3qXdwYQfdVcPdVNS8RIcGl,46.00000,28.00000
19,2dUquaOdMyGwUa0I64a0aY,32.33333,24.94444
36,2eBaOuE2ZujGVsgpd9aE7Q,46.50000,39.80851
22,7nI3WkJ9XmtzjVZHwllf8n,20.00000,22.00000
21,29nYQAtysT9en4qYsRuNTL,20.50000,28.66667
2,53sSqrWw63FwGQLp3ip0J8,2.00000,2.00000
55,5vkIUHgmiNIPn4Beoh2QPc,47.00000,55.00000
1,1CdfEtdm3DYiwtLEs6MfrR,1.33333,1.22222
26,69k2SvCVULrUSPe3ULz3hr,45.20000,42.05556
1,77JlGSr4SPbH4fcgBOT3FR,2.50000,5.50000
65,4HlOlCSORjMhTnFZj9x6AQ,69.16667,59.15686
12,0pcVPsuneTWwZrYk6hSnty,3.50000,7.75000
17,3WzLPlKUVQRQmEUvCtugfI,32.00000,15.50000
15,6sjk1GRoQmy9iQPdpyO10g,34.83333,28.92727
27,6EU97nLiS9WODxfmAf3KbL,41.00000,28.66667
1,7BSaS7jemLYq8i2Wh15ax4,1.60000,1.48000
1,7iNwa8wF5rpca6CuOVHgaZ,1.00000,1.00000
6,6ipaBDUI3lIU0QBar3a9FD,6.00000,6.00000
9,6HODepcNMTMUancUPO9KYO,25.00000,9.00000
18,2UC89NemsMjHUgF1b8PmKw,33.00000,40.33333
17,5KvXtACyBFALB9l4pE5gzj,36.50000,21.00000
1,5G3tk4m275BpvSYyev092R,14.00000,7.50000
7,534yougZ8d43e7Uf6PSNTj,41.50000,29.79487
1,3J93peK8hq71JorXxI5FZV,1.00000,1.00000
46,0v1XXQm1lYXrclgeZhVrBZ,51.20000,43.50000
51,0Tcr6t5uyvDgOuNPCD36A3,63.00000,51.00000
26,5FFtHDcFBecHcUHiLqG2PJ,27.66667,24.40741
10,4yoUxMKN5bjj31AJglesim,14.07143,13.78061
12,7LR8IAkGZnoykXVQwAhcY3,6.00000,12.00000
9,4xTSsOIsxroYZegfgCCspg,9.00000,9.00000
5,2nAk4Xkcjub2C1WwPgGoqd,22.00000,27.33333
26,7ykM9gwcxoplthUOlrih06,36.25000,31.00000
29,0AaSGPWpEmW4Lrq4T285cd,31.00000,29.00000
25,2RZ4i1xPi3WbbtyHZS9pWX,48.00000,42.66667
2,6JSyISiPzLuyON58JaDyAN,9.00000,2.00000
20,5LTQDaq9tqtYv4tvXwbYD8,28.00000,20.00000
16,3fBz9HmyROxzZtVq9vayB7,13.18182,13.51852
19,5xtCZLuxMQuLUhO5s6Gr0D,42.57143,40.17708
3,1oDV08QAWwgZzO8dnrAOBO,21.50000,19.85714
7,4SnpEoCpqpmL3axTRi3C7D,6.00000,7.00000
11,7Ha9FDtYAhiGvmwNktIsnQ,15.75000,15.30303
36,1odS3tOSNDmaBj5HYXQsyG,26.00000,48.00000
45,1HumAcSgWUujlpOm1Zoj6p,43.00000,44.57143
24,5BV9uACDBbzISUnFoBcsvw,38.00000,35.00000
1,4HWb1yuqiwnXLsBo21e2FB,6.00000,1.00000
27,7Isargq7sZZ8hTbIx9yNsi,12.00000,27.00000
9,3DcFqRC9pI2PIuGgzFq2ab,55.50000,24.77494
1,2EIQyBGCa8hHdhkRWI9Cqz,1.50000,1.37500
1,6llWCw4W6roaEmhw7zAfpb,8.50000,6.77778
3,1OjC4N2UMLUtYP9Bd0PCly,5.00000,3.00000
1,4NynmLiNuFMiGmNgzqAaok,1.00000,1.00000
20,5qmKUuTUyeRgoJ5FSUgNoS,33.00000,30.00000
31,5ouISZaktkPbcGy0ITavLO,46.00000,37.40000
5,689faZQTLdbNMhtaQx8pRp,44.00000,44.16667
4,6pDCITmsNxfvuYVMq3lyOI,2.00000,4.00000
14,6fTfntWe8kOKUGBRk0RCpJ,68.00000,44.67797
6,6e3lRE5lwXjq6WlSqXY3NO,11.00000,18.66667
1,3kD45iyrfFbs4Ms5rRFE4j,2.00000,1.00000
13,2sSGwh4h3KolpFzLuzCLuP,13.00000,13.00000
49,6Gpp97J33tkrQ8g8A0kx1B,48.00000,32.00000
32,4qFYJ5Gbp4DpskZDJ7LtAa,84.00000,62.55172
17,2fcO6NRxyVD5LBvpKYyPf0,50.00000,35.72222
29,0APRWylevF8jx1mgmwsSek,33.00000,23.50000
5,494OCpaEF6gMsyRDKbWagI,51.00000,42.67857
22,7vJE5Yf52ZcOZL5Vvcqj6N,51.00000,22.00000
28,7dd60k1aNeBKWKshC7icGq,45.00000,36.00000
19,6UMedISXGMpEVKA6TddXTk,20.00000,19.00000
15,6q8X4bOtaE90bLLKJaBz8M,30.00000,15.00000
45,0lltuk2ugnfMXwJnXbYSex,49.33333,45.71429
1,7CsJeFCnYE71m8U3a4TPes,7.50000,8.21429
6,7aLIKl7INCumV84DtMIf44,59.00000,52.04651
38,4bY8e297O2X2Se2vP9LL3b,33.00000,29.71429
7,2SfJeCSWSXkOxFcmFYkUGP,25.00000,28.00000
13,235jYX619lBh0CvkGAAO66,40.00000,25.00000
25,6k5E0fXMSORheufkMMEVYn,34.00000,25.00000
16,5gEOC79e7QWCZYbhapnp87,32.00000,35.00000
22,1EICkAnVYbhYsXUaUIo84k,18.50000,20.25000
26,0qv1thknD9ItYc1pzAnA2X,31.00000,32.50000
5,3wL6iX3fznlLeHOkve3qIh,53.00000,27.46505
3,7HOusnYPyoFgqIp0tIwX0J,4.00000,3.00000
16,0zTnp28s6a4sN8QTcT8PUL,26.00000,10.00000
45,0rCstvhcy1BZyDomzN0YPE,81.00000,49.06667
4,6n3KP3jAvEKZEd74ps3RWm,50.66667,30.97222
37,48cI3r9zpRorKUKiepDyHk,33.50000,37.00000
7,1xp4il3t0vKXjbbBxoIm4n,44.50000,18.25000
4,6vEUoc9J6hi0yNJsdBWQVX,4.00000,4.00000
12,4SOz1j32TawiYGGOWIq36P,11.00000,12.00000
20,4iU1DTsDdHMCuZwo6SdEvV,29.60000,24.11538
1,1IJTMy6ZIt2Np6QN3ilLxN,6.00000,1.00000
1,0iL0QBJOl8lXH1lNBEkjqj,2.00000,1.00000
3,1bULQqX2CN7rdTDatGLJ37,31.25000,32.16667
8,4Hb82f0rwgKrySPQQtaun2,17.00000,12.00000
2,082H5PevTTN4ubeVpRcMto,1.00000,1.50000
1,49KNz7WxGMZQ3LOOut20C3,48.00000,24.75000
14,5hfqwT02GtAzIfY2Ea5lAp,14.00000,14.00000
50,4tk2WUKBOS9nKZj7bPQIXT,53.00000,36.66667
36,2TcMY3YBJJJIFjZERBrjpg,46.00000,35.50000
14,3G29JVikNQJAJjzfFUMCIM,55.00000,28.00000
26,1fuyJoue5Ew9U8wxon3rs4,7.00000,26.00000
17,3Pn82A1axl5s9MUPsZNcDA,45.00000,47.50000
10,5HoVI4DvfYpbJzJjYgKDV0,11.00000,10.00000
36,047UnCFE2OuyfRR2kx0o5j,38.50000,38.40000
2,67XgHr80BANAaRIjX34KEy,22.00000,23.62500
1,61V9R3NRy4HFSkzomP5mjt,41.66667,25.87566
6,6BmV2mYLZcvPWsMk3yvpUw,24.50000,29.28571
2,71pXzrslqgKxP4SECsPxLI,52.00000,24.57143
4,4SoMgPEt5iGCtEcw4FYePL,12.00000,23.65000
13,40nSsUz8UUvGomI8U0sp50,54.50000,37.30769
9,6nLeojgd1ISTzMsFdcvYA3,28.00000,18.50000
24,7BI8f3Fc6lj3f0WoQfJ7qL,45.00000,23.00000
12,5kcpnpDo7XdJwO5Ixun7mv,41.00000,7.50000
15,4flxXIUMJ5qtrpIXe3jjcD,18.00000,15.00000
24,0bzJ9aG4detpPK7k63AvVH,23.00000,31.92857
2,7Kib1AZOhw1q1mYoICtD8g,45.00000,31.78947
8,3iN9Ke5u5uhEce4WB3eOFK,9.00000,8.00000
3,5GIHUpiMquwfxXv3mECJJO,14.00000,7.25000
1,5JQlazgoM86DF5bo6mTZlH,12.50000,6.75000
2,1S4KKHNGeb70k1QquvwR7s,6.00000,2.00000
1,6uldwCnWGZnW6F004EAk5W,2.00000,1.00000
8,178EW5Jegafx8vqkhrqXf0,44.00000,36.92000
1,6YQEZFK9snpmJB44OauhEt,3.00000,1.00000
16,28aRtPLh5gezQoxKiU1OK4,21.00000,19.50000
18,01wf7lYpj76s9EaNTBF26q,18.00000,18.00000
10,5k0PXBMJXXU415K8cKDHr5,28.50000,19.25000
16,0dMRSXZew2FkWNMZjkigN6,47.00000,31.23529
2,0eZdvVKQdvYr3jUa3tZCE2,51.00000,40.19444
18,0Czkg169fh73YbuWKuwCyc,52.00000,33.10000
19,2SxdYGuWO6byUC68VLw1S3,39.50000,28.94667
14,3LZJcwNX9ntB8Tgag1x0ag,26.00000,19.00000
22,2P9o9u4Q287Hs2vyCBV3S2,50.50000,35.76000
15,5apbo7p8o1eX4x94TBHUGh,8.00000,17.50000
9,37UOx0GaMOcEWoJu8exxVR,9.00000,9.00000
2,2m5qeo6wKvWP9RIyShtGUK,71.00000,53.22222
2,0tXq2B3gcNtBtlpr84RJ0O,46.00000,14.46296
